{"cameraMode":{"drawMode":0,"name":"Shaded","section":"Shading Mode"},"sceneLighting":true,"audioPlay":false,"sceneViewState":{"m_AlwaysRefresh":false,"showFog":true,"showSkybox":true,"showFlares":true,"showImageEffects":true,"showParticleSystems":true,"showVisualEffectGraphs":true,"m_FxEnabled":true},"in2DMode":false,"pivot":{"x":-4.174905776977539,"y":3.994235038757324,"z":-5.647613525390625},"rotation":{"x":0.04078518599271774,"y":-0.013188671320676804,"z":0.0005383972893469036,"w":0.999081552028656},"size":12.266122817993164,"orthographic":false}