{"cameraMode":{"drawMode":0,"name":"Shaded","section":"Shading Mode"},"sceneLighting":true,"audioPlay":false,"sceneViewState":{"m_AlwaysRefresh":false,"showFog":true,"showSkybox":true,"showFlares":true,"showImageEffects":true,"showParticleSystems":true,"showVisualEffectGraphs":true,"m_FxEnabled":true},"in2DMode":false,"pivot":{"x":-14.98617172241211,"y":-1.5696828365325928,"z":-18.491670608520509},"rotation":{"x":0.005057056900113821,"y":-0.9932865500450134,"z":0.10528279840946198,"w":0.047710563987493518},"size":61.60568618774414,"orthographic":false}