{"cameraMode":{"drawMode":0,"name":"Shaded","section":"Shading Mode"},"sceneLighting":true,"audioPlay":false,"sceneViewState":{"m_AlwaysRefresh":false,"showFog":true,"showSkybox":true,"showFlares":true,"showImageEffects":true,"showParticleSystems":true,"showVisualEffectGraphs":true,"m_FxEnabled":true},"in2DMode":false,"pivot":{"x":226.2446746826172,"y":-133.57664489746095,"z":252.31549072265626},"rotation":{"x":-0.18123465776443482,"y":-0.35435402393341067,"z":0.07020995765924454,"w":-0.9147089123725891},"size":198.2384796142578,"orthographic":false}