{"cameraMode":{"drawMode":0,"name":"Shaded","section":"Shading Mode"},"sceneLighting":true,"audioPlay":false,"sceneViewState":{"m_AlwaysRefresh":false,"showFog":true,"showSkybox":true,"showFlares":true,"showImageEffects":true,"showParticleSystems":true,"showVisualEffectGraphs":true,"m_FxEnabled":true},"in2DMode":false,"pivot":{"x":0.7127648591995239,"y":3.2879886627197267,"z":-21.04947853088379},"rotation":{"x":0.005057056900113821,"y":-0.9932865500450134,"z":0.10528279840946198,"w":0.047710563987493518},"size":33.77016830444336,"orthographic":false}